Workbook

Sheet Presupuesto
A1: Alado — Plan de contenido y presupuesto · 5 oct → 1 dic (+ banco de vacaciones)
A2: Edita las celdas amarillas. Los totales salen de la hoja «Calendario».
A4: TARIFAS
A5: Video grabado y editado (reel) | B5: 200000
A6: Carrusel de fotos | B6: 170000
A7: Set de historias (por confirmar) | B7: 120000
A9: CANTIDAD DE PIEZAS
A10: Videos · Núcleo | B10: =COUNTIFS(Calendario!$F$2:$F$53,"Video",Calendario!$G$2:$G$53,"Núcleo")
A11: Carruseles · Núcleo | B11: =COUNTIFS(Calendario!$F$2:$F$53,"Carrusel",Calendario!$G$2:$G$53,"Núcleo")
A12: Sets de historias · Núcleo | B12: =COUNTIFS(Calendario!$F$2:$F$53,"Historias",Calendario!$G$2:$G$53,"Núcleo")
A13: Piezas Fase B (banco de vacaciones) | B13: =COUNTIFS(Calendario!$G$2:$G$53,"Fase B")
A15: OPCIONES PARA PRESENTAR
A16: Núcleo · prioridad A (esencial) | B16: =SUMIFS(Calendario!$I$2:$I$53,Calendario!$G$2:$G$53,"Núcleo",Calendario!$H$2:$H$53,"A")
A17: Núcleo · prioridad B (complemento) | B17: =SUMIFS(Calendario!$I$2:$I$53,Calendario!$G$2:$G$53,"Núcleo",Calendario!$H$2:$H$53,"B")
A18: OPCIÓN 1 · Esencial | B18: =B16
A19: OPCIÓN 2 · Completo (A + B) | B19: =B16+B17
A20: Fase B · banco de vacaciones (12 dic–12 ene) | B20: =SUMIFS(Calendario!$I$2:$I$53,Calendario!$G$2:$G$53,"Fase B")
A21: OPCIÓN 3 · Completo + banco de vacaciones | B21: =B19+B20
A23: GASTOS REEMBOLSABLES (ESTIMADOS — confirmar; $0 si Alado ya lo tiene)
A24: Luz LED portátil (el taller tiene poca luz) | B24: 180000
A25: Micrófono de solapa | B25: 90000
A26: Trípode / soporte para celular | B26: 70000
A27: Banco de música con licencia comercial (2 meses) | B27: 100000
A28: Transporte a El Retiro (4 viajes × $50.000) | B28: 200000
A29: Total reembolsables | B29: =SUM(B24:B28)
A31: NÚCLEO POR MES (prioridad A + B)
A32: Octubre | B32: =SUMIFS(Calendario!$I$2:$I$53,Calendario!$G$2:$G$53,"Núcleo",Calendario!$B$2:$B$53,">="&DATE(2026,10,1),Calendario!$B$2:$B$53,"<"&DATE(2026,11,1))
A33: Noviembre | B33: =SUMIFS(Calendario!$I$2:$I$53,Calendario!$G$2:$G$53,"Núcleo",Calendario!$B$2:$B$53,">="&DATE(2026,11,1),Calendario!$B$2:$B$53,"<"&DATE(2026,12,1))
A34: Diciembre | B34: =SUMIFS(Calendario!$I$2:$I$53,Calendario!$G$2:$G$53,"Núcleo",Calendario!$B$2:$B$53,">="&DATE(2026,12,1),Calendario!$B$2:$B$53,"<"&DATE(2027,1,1))
A36: Propuesta de pago: 50% al aprobar el plan, 50% contra entrega por mes. Los derechos del contenido son de Alado; Sara puede mostrarlo en su portafolio.

Sheet Calendario
A1: # | B1: Publica | C1: Se graba | D1: Línea | E1: Pieza | F1: Formato | G1: Fase | H1: Prioridad | I1: Valor
A2: 01 | B2: 46303 | C2: mar 6 oct · pre-taller | D2: Alado & Co. | E2: Invitación al taller de cerámica (17 oct) | F2: Video | G2: Núcleo | H2: A | I2: =IF(F2="Video",Presupuesto!$B$5,IF(F2="Carrusel",Presupuesto!$B$6,IF(F2="Historias",Presupuesto!$B$7,0)))
A3: 02 | B3: 46304 | C3: lun 5 oct · atelier | D3: Bride | E3: B16 · Destacado fijo «Bride» (10 historias) | F3: Historias | G3: Núcleo | H3: A | I3: =IF(F3="Video",Presupuesto!$B$5,IF(F3="Carrusel",Presupuesto!$B$6,IF(F3="Historias",Presupuesto!$B$7,0)))
A4: 03 | B4: 46307 | C4: material existente | D4: Alado | E4: A18 · Cómo comprar (Destacado) | F4: Historias | G4: Núcleo | H4: A | I4: =IF(F4="Video",Presupuesto!$B$5,IF(F4="Carrusel",Presupuesto!$B$6,IF(F4="Historias",Presupuesto!$B$7,0)))
A5: 04 | B5: 46308 | C5: lun 5 oct · atelier | D5: Bride | E5: B1 · El figurín en vivo | F5: Video | G5: Núcleo | H5: A | I5: =IF(F5="Video",Presupuesto!$B$5,IF(F5="Carrusel",Presupuesto!$B$6,IF(F5="Historias",Presupuesto!$B$7,0)))
A6: 05 | B6: 46309 | C6: mar 6 oct y sáb 17 oct | D6: Alado & Co. | E6: C18 · Taller: cupos, cuenta regresiva y en vivo | F6: Historias | G6: Núcleo | H6: A | I6: =IF(F6="Video",Presupuesto!$B$5,IF(F6="Carrusel",Presupuesto!$B$6,IF(F6="Historias",Presupuesto!$B$7,0)))
A7: 06 | B7: 46315 | C7: sáb 17 oct · taller | D7: Alado & Co. | E7: Recap del taller de cerámica | F7: Video | G7: Núcleo | H7: A | I7: =IF(F7="Video",Presupuesto!$B$5,IF(F7="Carrusel",Presupuesto!$B$6,IF(F7="Historias",Presupuesto!$B$7,0)))
A8: 07 | B8: 46317 | C8: lun 5 oct · atelier | D8: Bride | E8: B10 · Único vs. alquilado | F8: Carrusel | G8: Núcleo | H8: A | I8: =IF(F8="Video",Presupuesto!$B$5,IF(F8="Carrusel",Presupuesto!$B$6,IF(F8="Historias",Presupuesto!$B$7,0)))
A9: 08 | B9: 46319 | C9: vie 23 oct · tienda | D9: Alado & Co. | E9: C5 · Recorrido por la tienda de Navidad | F9: Video | G9: Núcleo | H9: A | I9: =IF(F9="Video",Presupuesto!$B$5,IF(F9="Carrusel",Presupuesto!$B$6,IF(F9="Historias",Presupuesto!$B$7,0)))
A10: 09 | B10: 46321 | C10: vie 23 oct · tienda | D10: Alado & Co. | E10: C20 · Cómo llegar a la tienda | F10: Historias | G10: Núcleo | H10: B | I10: =IF(F10="Video",Presupuesto!$B$5,IF(F10="Carrusel",Presupuesto!$B$6,IF(F10="Historias",Presupuesto!$B$7,0)))
A11: 10 | B11: 46322 | C11: sáb 17 oct · taller | D11: Alado & Co. | E11: C1 · Cómo se pinta una pieza (1) | F11: Video | G11: Núcleo | H11: B | I11: =IF(F11="Video",Presupuesto!$B$5,IF(F11="Carrusel",Presupuesto!$B$6,IF(F11="Historias",Presupuesto!$B$7,0)))
A12: 11 | B12: 46324 | C12: vie 16 oct · casa de Andrés | D12: Alado & Co. | E12: La casa se viste de Navidad | F12: Video | G12: Núcleo | H12: A | I12: =IF(F12="Video",Presupuesto!$B$5,IF(F12="Carrusel",Presupuesto!$B$6,IF(F12="Historias",Presupuesto!$B$7,0)))
A13: 12 | B13: 46328 | C13: vie 23 oct · tienda | D13: Alado & Co. | E13: C19 · Esta semana en la tienda (1) | F13: Historias | G13: Núcleo | H13: B | I13: =IF(F13="Video",Presupuesto!$B$5,IF(F13="Carrusel",Presupuesto!$B$6,IF(F13="Historias",Presupuesto!$B$7,0)))
... A33: V6 | B33: 46396 | C33: 1–9 dic · banco | D33: Bride | E33: Cómo agendar tu cita desde el 12 de enero | F33: Carrusel | G33: Fase B | H33: A | I33: =IF(F33="Video",Presupuesto!$B$5,IF(F33="Carrusel",Presupuesto!$B$6,IF(F33="Historias",Presupuesto!$B$7,0)))
E35: Cambia fecha, formato, fase o prioridad y el presupuesto se recalcula solo.
